latitude,longitude,source_cluster
55.673878879873044,37.55743223372092,0
55.61105300691651,37.36860672024284,0
55.56780503210448,37.4627863983037,0
55.56955022167675,37.226373720364215,0
55.7952924805557,37.67594889522336,0
56.0619426965171,37.45021540791132,0
55.80909810613219,37.6954781448187,0
55.710109238997404,37.80338339718742,0
55.89534125363313,37.69915277379938,0
55.7097848530914,37.52791747286137,0
55.50960429821653,37.415820555345576,0
55.6438386456977,37.336307059392645,0
55.83498631400378,37.91645696724675,0
55.592348762180755,37.68816035893616,0
55.56965999488465,37.54106945726521,0
55.631540675748,37.76777391215161,0
55.633618128708406,37.87021510342666,0
55.71157026074081,37.45489907260129,0
55.53020505277787,37.68060112757384,0
55.916939312400714,37.685630314134215,0
56.158789699954596,37.9747468631176,0
55.70044500235094,37.537793141548235,0
55.840345409507364,37.40779520489358,0
55.96573189517585,37.70770013046089,0
55.801962603954536,37.7890384169427,0
56.065909379006435,37.66003883804688,0
55.73545273324315,37.994479905830644,0
55.929959074878404,37.53705503990407,0
55.756733560758626,37.666145228984696,0
55.8209263300289,37.27815003726522,0
55.47815277059572,37.39545249449939,0
55.58214708025796,37.456343996506874,0
55.8700479155762,37.575067710918816,0
55.79115102890184,37.31122414748943,0
55.67270440347423,37.76411441543621,0
55.86289144247183,37.43615654295302,0
55.78489922954832,38.167011963370584,0
55.752632372733984,37.44400326346439,0
55.72452276991481,37.640344276881706,0
55.728589691475705,37.609461324830875,0
55.49597957655137,37.376642381228514,0
55.72891965732713,37.57598300749439,0
55.6538859305252,37.57304660348089,0
55.76678267397456,37.83965336413113,0
55.73794188765931,37.71707580132456,0
55.65831194574189,37.760323930899624,0
55.82343145357022,37.833754250794954,0
55.88422288324001,37.76448390572029,0
55.7380848664416,37.678534806761114,0
55.947231607121275,37.4542813576493,0
55.64268659983456,37.66265784948759,0
55.83055034424778,37.411273375184,0
55.742342738585606,37.5938003064428,0
55.357049579191376,37.56240150268531,0
55.72748279008728,37.577226764294245,0
56.01066456942391,37.31335042537278,0
55.60736793718317,36.96425105042017,0
55.669235000088655,37.5183891114685,0
55.66400410825983,37.89421933487094,0
55.91071115402065,37.63676418106682,0
55.689089650362824,37.87384741702672,0
55.75224358522955,37.412732490270386,0
55.44687523805278,37.50697137652608,0
55.89163585109107,38.18643467238577,0
55.76688986231411,37.42596112121993,0
55.542506262508844,37.7552887240764,0
55.43816911057083,37.754886275351225,0
55.90298808912733,37.726369863308214,0
55.71626089905106,37.7585351633867,0
55.7865689068031,37.42276903953485,0
56.088874218027506,37.52938015509737,0
55.895435414080985,37.01264642932607,0
55.985564758900566,37.984490936163645,0
55.7611700816828,37.75699275868444,0
55.85633273268936,37.45660410758982,0
55.854282014979084,37.41514238253186,0
55.64622375374384,37.89903578580307,0
55.931238384326036,37.44070612447105,0
55.62375625816981,37.455900849385586,0
55.88767512196379,37.3673038047974,0
55.820008275026474,37.80401170265857,0
55.739915818947246,37.86981592421623,0
55.70102416949184,37.56383609975152,0
55.57989567839627,37.871594336905055,0
55.6178263195438,37.70474295442877,0
55.74296310791733,37.354104234222085,0
55.646161434111804,37.96301805976018,0
55.792098357674206,37.36501241465829,0
55.810759091722765,37.58077149210136,0
56.37752835240396,37.68858096033557,0
55.687287527528056,37.97230697944678,0
55.424413489887286,37.64088003909527,0
56.11479712904259,37.58825017891006,0
55.443805811963344,37.518320508897354,0
56.01761324737263,37.711317399080194,0
55.60480590028775,37.44598929820524,0
55.65505395119303,37.7075994710135,0
55.99667530392896,37.880405753199796,0
55.837882192779645,37.28438880998563,0
55.516772147481184,37.75061300530344,0
55.51361520237208,37.56090824473285,0
55.81054708031351,37.33290150115933,0
55.5714327798154,37.593769733858046,0
55.84645705175433,37.88267969260344,0
55.8650696182587,37.63571414874805,0
55.62148494435973,37.34957325103887,0
55.66384212410075,37.71978389624514,0
55.816392267192924,37.09232450356872,0
55.61437813491185,37.91842688790154,0
55.77005870860474,37.26304777172425,0
56.17984781268767,37.61006456692131,0
55.824980112676414,37.717181189011285,0
55.68963281609117,37.435406579544654,0
56.13770149731187,37.868101467404436,0
55.903748696199564,37.761372297929555,0
55.575202869734895,37.93668254793507,0
55.60403612155788,37.68812169953766,0
55.46070981701638,37.10708528733812,0
55.81309241647756,37.41502518320127,0
55.397749837166494,37.752452375736766,0
56.137414538789145,37.96469006464501,0
55.70948278065218,37.619511326674235,0
55.915587126221105,37.89783200495873,0
55.69396357061137,37.625844428931146,0
55.809910665217615,37.75576908006971,0
55.731846240437974,37.587278688732816,0
56.00416981935579,37.91968017561072,0
55.8417339032185,38.047077267505735,0
55.68623976279925,38.023043362157345,0
55.8534527798364,38.435056530553645,0
55.541153253179154,37.44496368694566,0
55.8311836090761,37.71660851324475,0
56.10682501715151,37.45020632917512,0
55.9186853333649,37.9079157511705,0
55.88263660979972,37.37705091451892,0
56.009196584945755,37.92463123282885,0
55.86372521356227,37.66838692180224,0
55.79649944180799,37.59761605194016,0
55.87114132416548,37.62508371323624,0
55.60306550443652,37.355152088793105,0
55.62043347434259,37.672833060637366,0
55.75094794944167,37.67113594832219,0
55.8459463640383,37.46046976852078,0
56.019618830302164,37.550372293238134,0
55.67778314273933,37.737896559333116,0
55.425228163572484,37.41966638756927,0
55.93239310376453,37.18294451773447,0
55.95696335544797,37.995084141589786,0
55.689298039191726,37.69025319185658,0
55.95723567527318,37.50060270298912,0
55.911999593694716,37.44951280121733,0
55.66983158720003,37.41746588391876,0
55.81747649585507,37.90679226314139,0
55.72265967221891,37.2994877100219,0
55.56091277198838,37.715949855342636,0
56.08774095441097,37.7157312498286,0
55.68615862088277,37.80884599171257,0
55.71269024559439,37.52272869565895,0
55.583277360974854,37.96941221106159,0
55.298742574850785,37.81676480006982,0
55.672325911196445,37.5147148171371,0
56.06041672810121,37.438767226949984,0
55.63338755227489,37.584701440270116,0
55.830292529446204,37.506836054426785,0
55.47250539250354,37.40087545477956,0
55.98644009416361,37.63599419728388,0
55.83699571106669,37.55194469820674,0
55.637090414688814,38.036692362468855,0
55.721925465730806,37.50645753011822,0
55.95310562594396,37.436709910283156,0
55.64874907812068,37.61986167100422,0
55.755848618735875,37.682202836975804,0
56.132300436091185,37.70136206158809,0
55.327750286704855,37.69887473585789,0
55.762618399008126,37.62816250608786,0
55.80007051569131,37.6101304280813,0
55.74632982325003,37.770561052442694,0
55.658225456504994,37.38037841609021,0
56.30008066147203,37.43833563905469,0
55.77382572424281,37.24338493728116,0
59.955264314709254,30.10179361232767,1
59.854654870287,30.59636616644278,1
60.01926172230805,30.477202381143705,1
59.61548312908946,30.794323792457252,1
59.71976136403046,30.717240203573468,1
60.11817789587667,30.47943318544617,1
59.78040273943649,30.372997461204882,1
59.849534146083926,30.342359892876324,1
59.8893229933646,29.825447373356898,1
60.136221147177224,30.31482321086266,1
59.847035928089596,30.19501819179256,1
59.99882272374602,30.111660915426384,1
59.52836839947467,30.43688245080207,1
60.02773853963223,30.28519204383059,1
59.7276774824658,30.35733388522232,1
59.670684173703556,30.078292350828086,1
59.79917437142925,30.54608476772289,1
59.86903002892136,30.223133397055886,1
60.28614465277403,30.42321562429718,1
59.99531901188547,30.242674813697807,1
59.82695309982538,29.788498389995713,1
60.10867329574624,30.447177426439094,1
59.902050121221585,30.300793324540937,1
60.06680596720699,29.94642248173004,1
59.82812136032032,30.051024284276867,1
60.253171670847614,30.554013882963325,1
59.537815324595634,29.956659593340007,1
59.91047777879565,30.216989946981894,1
59.695911202546164,30.821290559412624,1
59.99055718451687,30.453804080715773,1
59.8097373091382,30.5156685367945,1
59.86582210302324,30.264264206573127,1
60.044280352768546,29.927850608734925,1
60.221765014773176,30.380697303680968,1
60.16486995758048,30.066245060845297,1
59.76813027767493,30.04462494460005,1
59.97935358107967,30.351595825479563,1
59.85070587253839,30.081582701778682,1
59.70631267144845,30.322979024882336,1
59.85049437967405,30.163698251910436,1
60.21277610750369,30.314518580451818,1
60.162907728106845,30.201786954329325,1
59.978359731083756,30.321230995935917,1
59.62872798428674,30.692184576565978,1
59.909972350734165,30.52170455490824,1
59.79893482995692,30.29388890460506,1
59.7782665752138,30.64409962069085,1
59.99035368254112,30.426863381670223,1
60.178773146478896,30.624185324224758,1
60.07206165650453,29.979668163240635,1
59.809077758487,30.084127965997162,1
60.06525606485265,30.377762985437514,1
59.684007761946496,30.287913946747192,1
59.66535977957062,30.32181087798256,1
59.636332949282306,30.467306873346153,1
60.00233327268614,30.81208712333672,1
60.086917192109524,30.229371436044374,1
60.08155261678941,29.985684029763707,1
59.761054931337405,30.41838563301878,1
59.54581506070537,30.32580980376653,1
59.75065260741869,30.36042676378832,1
59.740307455551495,30.4411620343638,1
59.93777893626013,30.685191479220332,1
59.93551221613829,30.142939298759632,1
59.88986054595109,29.99904090074582,1
60.00740470584698,30.482562561578817,1
60.37875528660471,30.179641002348898,1
59.886096976738465,30.191160368890447,1
59.97248046620362,30.430522633619905,1
59.92469252800287,30.60668147921826,1
59.82324368932414,30.58164351197268,1
60.0312296136554,30.332092520025263,1
59.87761140466372,30.941766939682843,1
59.787238442866425,30.409583294242104,1
59.79926056735642,30.78150518715533,1
60.09392873918386,30.165512530289714,1
60.02656709881762,30.39952393031914,1
59.84130754284455,30.524641054307043,1
60.00437497039879,30.38902467847149,1
59.92675445197638,30.442863623149915,1
59.97558977906864,30.349873333256255,1
59.81891713512224,30.758541560190622,1
59.74522441019726,30.442009054719936,1
59.87665666638574,30.774986817362326,1
59.77167314329971,30.151284184559916,1
59.75973274861287,30.415966262737655,1
59.687150881277645,30.21546787631056,1
59.54687415188623,30.395205338532023,1
59.84426132542387,29.963085814017038,1
60.12970969253533,30.008183275403766,1
60.07774986420508,30.159839794003048,1
60.222582848021176,30.522487634731537,1
59.75285138324268,30.105829361947425,1
60.04329453694038,30.26950546732246,1
59.90381834873615,30.653159715443024,1
59.79953600279341,30.357923443043862,1
60.10613300285741,30.5373793720964,1
59.90556971984628,30.262873529786837,1
59.62131321674623,30.0710387518337,1
59.99160466078345,30.30062945276444,1
59.94778687414192,30.594913402408515,1
59.720581840368794,30.276054924441837,1
59.96826797341402,30.15906001560637,1
60.191965880506935,30.56224670040329,1
59.986523998875974,30.783657944832147,1
59.664498849670174,30.33316842972358,1
60.00024065440813,30.10646123830152,1
59.98842861752719,30.05845437655303,1
60.05860031728937,30.59955869203223,1
59.9833200122031,29.871900546233764,1
59.760277166190114,30.476277500803292,1
59.93811575583223,29.661599345576878,1
60.158009469096285,30.369264126563458,1
59.78686656047999,30.583838899391665,1
59.812342797676756,30.162986970598947,1
59.99880347718253,30.780359614810575,1
60.22654569203512,30.425027874726027,1
60.01752941859306,30.532974733021206,1
59.708042938433515,30.496137084287998,1
59.802166775734165,30.414719516699147,1
59.89335582703068,30.460402081778554,1
59.955558623701165,29.566842432294674,1
59.96650050810693,30.495638238074815,1
60.01456710270092,30.309453513447856,1
60.229889104547475,30.412943282280416,1
60.01308119403476,30.596222973512642,1
59.99956673994539,30.11059556164645,1
59.495399265519666,30.21581977449548,1
60.0712701946586,30.24682591714555,1
60.07851210701071,30.372282043980068,1
60.16615189264719,30.261295823219836,1
60.018470668782186,30.46157126613384,1
60.204588337073616,29.908440673416433,1
59.85178651058043,30.547229026347125,1
60.212561366360156,30.39511787816052,1
59.88161325040413,30.52437959216861,1
60.0906664815417,30.245184580333174,1
59.99375531619196,30.630231815602993,1
60.2745826187894,30.520751239808824,1
59.942245001399804,30.321581205990523,1
60.034631380294854,30.306181789380137,1
59.96843528982403,30.07063093386728,1
60.167770295368406,30.05005381821283,1
59.85651988311846,30.359498315212953,1
60.292677638379956,30.22942925378692,1
59.81441715348713,30.197395770666553,1
60.232901490170036,29.632013251623494,1
59.753807157813256,31.01792217728989,1
60.04065877322849,30.058603762665197,1
59.92675476320854,30.351963641516967,1
60.08660254426301,30.794975500705643,1
60.00423930263026,30.200152924246762,1
60.07597519957768,30.160536825784284,1
59.74829925072198,29.89512278201089,1
59.65257688898993,30.110988710968932,1
59.72229784181384,30.41340913184368,1
59.71840767135168,29.549183424493815,1
59.7463958805739,30.217135088069647,1
59.825319092183044,30.714981169827297,1
59.82386233932795,30.5553308657998,1
59.930883132057446,30.324523818581852,1
59.78393154800735,30.320404337104808,1
59.79658269715846,30.377606078563645,1
59.891775066127735,30.0989430167021,1
60.11284098114611,30.441810120005357,1
59.8536487078544,30.37147326175883,1
59.91921194612965,30.118202265684182,1
59.94698932122381,30.179847061298158,1
59.76421190958838,29.92940816743337,1
59.86975067636305,30.47684266489593,1
59.809261316391805,30.965277173039492,1
60.09372341765749,30.66118253316512,1
60.07744374217328,30.798316243734643,1
59.79263964297494,29.694915653585344,1
59.85399739049648,30.474654643886886,1
59.96157305491464,30.403968152741946,1
60.17206380048058,30.430614393615624,1
60.07810432696638,30.100209314536812,1
59.73712913594111,30.738628480756123,1
59.95246227632647,30.17929270413847,1
56.727048991161524,60.44341921959043,2
56.71128737621175,60.284913049349086,2
56.56882432760031,60.556948905586395,2
56.73217334334233,60.88248982136082,2
56.89165379758805,60.67202942001949,2
56.7051383266402,60.575442896055,2
56.90388019865366,60.78474893492817,2
56.8219994712267,60.875480944831054,2
56.840338075603434,60.803911779629416,2
56.75072660245395,60.15255290835784,2
56.88720461784334,60.78703101578665,2
56.94246251972537,60.71124666535936,2
56.7761543461281,60.4040134371386,2
56.938211088427884,60.71231185404957,2
56.73793816364812,60.88305604729801,2
56.67998420738144,60.45981915530224,2
57.1334565382215,60.82284548443348,2
56.774458324939616,60.677545177410884,2
56.86676260401429,59.919296533755656,2
56.675734689094796,60.59298834572268,2
56.774709934219324,60.6674756412076,2
57.042206816330626,60.52531605383652,2
56.648522136697885,60.68691291462776,2
56.7801077999578,60.56668412479452,2
56.78638073055245,61.166159450002745,2
56.43557323302037,60.50861652421684,2
56.83823597538329,60.4104143769293,2
57.000868649783094,60.80901441967991,2
56.830304168672065,60.538031561164075,2
56.8187477698383,60.57950333658805,2
56.824792854937364,60.5587002246208,2
56.88434087662663,60.794003016206965,2
56.61745317343226,60.34303402519171,2
56.52416675469297,60.8222993500894,2
56.88395819277429,60.73201687898319,2
56.58159031709458,61.05193703072003,2
56.72930683653384,60.647751451777815,2
56.99268923892211,60.35895506105098,2
56.74056161546772,60.650492943650214,2
57.35324515358365,60.680981185713,2
57.128045007113535,60.90711828629799,2
56.90514180656901,60.35840105709233,2
57.02965564994729,60.23117241458799,2
57.12705752226188,60.655701327054565,2
56.36185976148633,60.52057347624204,2
56.95661060776613,60.54644403174006,2
56.967601045978846,60.393193958071926,2
56.60382317289823,60.587838649238094,2
56.84458182011219,60.51860391223442,2
57.059812406395594,60.39314815621523,2
56.89526980931983,60.622692492790904,2
56.55869112861551,60.27594245408287,2
56.84104398292476,61.10099999967174,2
56.943168566141786,60.17429129371384,2
56.27901214827852,60.78896339825109,2
56.821581573072926,60.89101649237759,2
56.68037077427194,60.69325312446463,2
56.99121122334502,60.49383409044838,2
56.76220459735841,60.612015707774596,2
56.93658174238086,60.60211649887202,2
57.01421934079671,60.49021620268324,2
56.59978886301664,61.099943842028296,2
56.73006592742236,60.46358947907056,2
56.82705540220701,60.62249527741349,2
56.769296944352114,60.60134152576275,2
56.83174279834293,60.6494048317552,2
56.41455225738228,61.07591907675196,2
56.812388103563784,60.750855654861745,2
56.59084175852388,60.487949934687684,2
56.71788314406233,60.97313094112714,2
56.733453550769546,60.79521999673502,2
56.72182431851883,60.49254526508651,2
56.79470097026388,60.926661281707325,2
56.49872652137458,60.27678411118139,2
56.48838507017584,60.33382447005964,2
56.69281199078542,60.202079686477404,2
56.70675340560936,60.10202137976665,2
56.65566202972182,60.90580509997755,2
56.9115458526506,60.65256691804313,2
56.65839985986976,60.22167876023882,2
56.633851906403834,60.594897543276,2
56.995171820350805,60.831291854283826,2
56.952410225247,60.42131078398301,2
56.84331896983272,60.52536436749069,2
56.802685842570945,61.11498197423995,2
56.52173995733935,60.547030796019435,2
57.05701480329531,60.239227126241616,2
56.723025463452075,60.47344037560809,2
56.79870785003028,60.20671071009844,2
56.94605149086085,60.77227182062828,2
56.930407558503234,60.38810658142723,2
56.85447194234172,60.38083994010773,2
56.77903260106113,61.14406698179272,2
56.85612516796733,60.30881835600321,2
56.87136036131951,60.26775101848417,2
56.6230781293473,60.3454192160128,2
56.75892429860478,60.8399422488973,2
56.943011675643035,60.73644883206183,2
56.641093578193704,60.47037141114109,2
56.88786019923898,60.4486200036529,2
56.788794040745806,60.716039673132485,2
56.77612091738377,60.662214897275504,2
57.12559112208353,60.56273530025325,2
57.05118080574946,60.74554251682684,2
56.57479644117238,60.330165742684116,2
56.68885274104742,60.3919912707668,2
56.82264784570078,60.759361012020456,2
57.06482851500685,60.68274377218127,2
56.75867767991043,60.08513968909253,2
56.851606123575124,60.61214254842375,2
56.871827175637016,61.13226007442583,2
57.06220737831475,60.8019652295625,2
56.665726116587116,60.477451312700815,2
56.82182797075287,60.41184821899741,2
56.92898361449733,60.694927212303924,2
56.643004597250155,60.90490417727403,2
56.8573158600856,60.173432213314435,2
56.829658285497906,60.67600161398072,2
57.01400262505844,60.52133089921834,2
56.9879288881405,60.652485496692556,2
56.60219017037324,60.25190830662937,2
57.04096077662688,60.90469604459544,2
56.89702366147285,60.979626680295006,2
57.02908977282749,60.77660718236993,2
56.67486393202794,61.03855718775809,2
56.93543425779749,60.509240306347095,2
56.71861139904505,60.669895945378464,2
56.53810936472908,60.780618318838215,2
56.667257253355075,60.69835202720607,2
56.745008339275536,60.53959532181882,2
56.70265622290229,60.5653926422048,2
57.178988318283125,60.95196490676216,2
56.902706211899186,60.59937643360876,2
56.99085621432472,60.888192598526885,2
56.68953269120265,60.58634028309195,2
56.510947518677746,60.886475527565224,2
57.21060436638616,60.62572065615577,2
56.45639817751746,60.757922629144254,2
56.67616395009317,60.439862639583886,2
56.95168375016238,60.66933853137818,2
56.751040420439054,60.44329859184958,2
56.86155048993975,60.50333361187191,2
56.63923731595146,60.52255920463041,2
56.90002667218594,60.56117413329509,2
56.58446845231533,60.852966155343886,2
56.345913941350204,60.49410871124289,2
56.7272642781803,60.64274471946785,2
56.9399991254045,60.88739120206526,2
56.710667122796615,60.75234558433337,2
56.87414730981867,60.17781515620419,2
57.18099724597814,60.24600621818995,2
56.91440950901575,60.70318998604944,2
56.88851462081924,60.4820557794596,2
56.98780547720529,60.21560813151422,2
56.8270508180387,60.46473133086189,2
56.71698637042794,60.712886946863385,2
57.032846137689546,60.51988605954078,2
56.979422596186645,60.61813516636115,2
56.67820820233716,60.54121197668973,2
56.78499253965751,60.431535021873636,2
56.91602692715805,60.66436154692619,2
56.552583054311505,60.19281850119016,2
56.91534320157704,60.401878392801365,2
56.89326740791806,60.80093289452729,2
56.610128489267005,60.25281568635595,2
57.140297702831155,60.69359269574061,2
56.763436681798815,60.372214886838435,2
56.74702064719669,60.30805691597167,2
56.99791419133631,60.41151221159842,2
57.03573622587893,60.505542770057495,2
56.651096966948884,60.499124602996545,2
56.36654998004975,60.575507855831496,2
56.80827854559657,60.81188568663699,2
56.49936511296299,60.896166590215884,2
56.98660787309958,60.918710890924665,2
56.829410152319255,60.85917420852569,2
56.57407607371676,60.78396189130113,2
56.70009070282201,60.19284954189426,2
56.636554706730415,60.607082784657315,2
56.69052614252083,60.69971838292395,2
54.68291724009928,82.40392561409602,3
55.25542973814584,83.16165003235035,3
54.81952656953552,82.93495008913236,3
55.19191127083624,83.04050015207265,3
55.035080157313025,83.20948852032815,3
54.876871754463785,82.94349461216615,3
55.00518724510737,82.86750948808223,3
54.938235007944265,82.95391705945713,3
55.0145933492774,82.67359308936636,3
55.15272326378208,82.69160369805843,3
54.96911797998151,82.86187988181999,3
55.07285865027866,82.40592401494567,3
55.168763766687306,82.76645241309696,3
55.22799339305987,82.81615876887096,3
54.99960815456788,83.4141465100171,3
54.95847912241714,83.24541247116836,3
55.015428115401626,83.03955470757337,3
55.02099254609405,83.14766290657502,3
54.88500430968645,82.6896878692452,3
54.893456285732135,82.96062759408102,3
54.96865261860094,83.1132687191178,3
55.24325170596788,82.69174041569124,3
54.876289217509495,82.57664014542178,3
55.37386713833664,83.01186737478045,3
55.094764417609284,82.60064790374223,3
55.00818940197876,83.06301199610327,3
54.96290361570381,83.2046264062066,3
55.42452960261571,82.69893429322651,3
54.8244242957242,82.71626098361786,3
55.29751584880297,83.19628882925741,3
54.984004992797146,82.94483991610022,3
54.86142214728459,83.1582067894358,3
54.94001767166046,82.87068086513625,3
55.117982158875265,82.8887012654792,3
54.96610612117039,82.93834380138226,3
55.151563974482755,83.34732326887095,3
55.1137875218043,83.13652855590607,3
54.9724262688218,82.75875053420782,3
55.12611752180232,82.97851020615013,3
54.75232684322505,82.85368259414359,3
54.99347853577332,82.80808553324287,3
55.27511240701759,83.05565975922555,3
55.25557148521996,83.00155631541304,3
55.023049810556515,82.70155054559743,3
55.01054731597539,82.93896348141885,3
54.762319500873836,82.8008181325574,3
54.950209132267055,83.03906988601393,3
55.09144302015743,82.7903703795087,3
55.09279652845754,82.89018026766287,3
54.49186839552611,82.81452449201211,3
55.20261795522563,82.51524856084308,3
55.028684416074796,83.33201530354631,3
54.87148966845812,82.93623727010691,3
54.77367707369898,83.34250778541589,3
54.99340012714061,82.9473567106985,3
55.25217408379101,83.10106959866137,3
54.85078682815059,82.77388051897817,3
55.09748763481419,82.77966973623427,3
54.627296203818304,82.92238980034023,3
54.74196172099754,83.33977043839093,3
55.04022177479737,82.7094062358141,3
54.88264616536076,82.46335060303151,3
54.81049686037951,83.18978080063518,3
55.41012150618863,83.11729912829973,3
54.991832343048216,82.82771015608652,3
54.83623075355626,83.45064147483494,3
54.97442523366441,83.46460745751563,3
55.25923351172981,82.50050089216343,3
54.88852856876333,82.76843871895655,3
54.99402765446097,82.92062143672156,3
55.547723037171664,82.6663930313813,3
55.049614588419594,83.08982693561694,3
55.00811703919555,82.96324514444534,3
54.820334399024816,82.96232154865066,3
55.10045181931139,83.01760014606778,3
55.11103616270418,83.28885197515906,3
55.17705397754458,82.95352365337436,3
54.79748349666101,82.78569868132222,3
54.96886639265487,82.99878645783537,3
54.92230010293011,82.7017667002039,3
54.79452423595834,82.52290556023611,3
54.96610887332058,82.56828363948242,3
54.828305376851674,82.83722453178892,3
54.76793488430955,83.03063804712467,3
55.141640151449025,82.79834324505615,3
54.9297350846302,83.07005744253476,3
54.87988088249776,82.74001652210067,3
55.223769726073535,83.1567469346782,3
55.116679000421904,83.16711115534852,3
54.652489829433875,83.27415888669827,3
55.07897118098508,83.18839534600143,3
55.078089120240946,82.94793120617004,3
54.958844341774835,83.02748609422154,3
54.952285376397185,83.15266902501628,3
54.7228378039806,82.80030603455143,3
55.376468184725795,82.7791798841069,3
54.96543692984858,82.71505476666248,3
55.06885222111945,82.75163377746445,3
54.974990031734734,83.14791663400877,3
54.88262258461334,83.1328527798163,3
55.156401276800864,83.19943902367982,3
55.03369737908525,83.7460147692442,3
55.19821606537758,83.0169194061017,3
54.85073360546529,82.91143521853147,3
55.26513885584201,83.36308365390657,3
55.274499238079244,83.13199807668241,3
54.7823811628668,83.05749045445641,3
54.78494757195046,82.5638322016548,3
55.05144856322391,83.06649986181743,3
55.171007877726545,83.05998406009653,3
55.1040854774337,82.6895368537519,3
54.98950419675676,82.55892080359138,3
54.64779355670797,83.12086067746077,3
54.87283760911763,83.15382462553576,3
55.20790256401841,82.7808706688442,3
55.11465599701996,82.77041081784658,3
54.67614180256717,82.96652735111061,3
54.92364270165117,82.82567774735321,3
55.363961761212195,82.55423575431684,3
55.077316804366866,82.68699819071381,3
55.17188705366812,83.01030780904377,3
55.07668198285251,82.69947759559943,3
54.870594175608105,83.16751262683647,3
55.32714358991096,83.05577695430604,3
54.84686427026114,83.02043463061551,3
55.44534496798077,82.96130570267972,3
55.27153135469085,82.75061765854032,3
55.00082451070545,83.09059130153138,3
55.07991909548732,82.7441028299722,3
54.8626868577165,83.18277110077567,3
55.22287914627703,83.31373588953048,3
55.33310748698552,82.96935485908065,3
54.95238413603831,83.27344773469461,3
55.136752470733285,82.6900861853331,3
54.822345580206594,83.05868255033907,3
54.97649056093288,82.92909251131482,3
55.201456005647835,83.12545928624625,3
55.24777718471532,82.45281597340666,3
55.05401162509982,83.1093721305993,3
54.73361454579622,82.7719760896725,3
54.85711267078079,82.94112454276498,3
55.301413714364934,83.44134735116623,3
54.86182824044681,83.06733931262339,3
55.10898361338562,83.03260644287869,3
55.080216334253066,83.01163562561283,3
55.31216262174516,83.21131662859202,3
54.81757229843231,83.13463027022013,3
55.169027207412064,83.01444182178794,3
55.21205638669049,82.98271850857476,3
55.04448418979373,82.96601013616926,3
54.64511606455606,82.91560040152353,3
54.88811489659818,82.63908800545185,3
55.266523291253115,83.06175187963362,3
55.00303040542998,82.7944991622244,3
55.061710525233174,83.18355902332938,3
54.859546148161556,82.93449290693084,3
55.16465196979321,82.45169971772897,3
54.99803744276703,82.82837715736311,3
54.984310625604095,82.81029286090703,3
55.03317242893731,83.41660680510567,3
54.95009395469286,83.00862775227353,3
55.36745435531364,82.79819610540686,3
55.33504156280721,82.93703075165678,3
55.32914132065569,83.12325028123658,3
55.06367950526484,82.91929232952835,3
54.89607254082174,82.95464788749109,3
55.169925062623605,82.93242214225083,3
54.95140789508887,82.87300436645556,3
55.18704579044495,83.24199036377496,3
54.888312907521694,82.76855303563812,3
55.07668460554008,83.31758301618932,3
55.21467825549626,82.62273694695502,3
54.96086632540147,82.70304911132762,3
54.96024774605525,83.33680249900884,3
54.75233188321906,82.53098367667995,3
54.85926025238195,83.007527650644,3
55.12013586771534,83.04506210871538,3
55.220023372581586,82.49492860144152,3
55.22230057690461,82.85767616998842,3
55.140068975764876,82.6048436433092,3
43.23979220546163,76.94876769264725,4
43.44693518674972,76.49338634434807,4
43.244435458736284,76.61839117721446,4
43.32988928795749,77.08400413411404,4
43.470590643651455,76.75594263642292,4
43.40580076742398,77.22992539686926,4
42.94311554542602,77.04278623002462,4
43.41143202568042,76.82501840340315,4
43.02096075604548,77.12543893902742,4
43.022988411039606,76.84511214137228,4
43.2316776695954,77.06858451292601,4
43.12610631928774,76.71855407779304,4
43.25670478617736,77.14129761940494,4
43.65064100011757,76.5128297000553,4
43.295661563201584,76.61806624344143,4
43.42228602377722,76.6550638631727,4
43.11746332072718,76.742382285234,4
43.225184191030436,76.97049939921469,4
43.32596625084953,76.88825811345431,4
42.99951961596069,77.07164653757755,4
43.229367440540656,77.18013369750368,4
43.11150701969361,76.48913131816225,4
43.232775319517046,77.21368817207107,4
43.26786958459089,76.83978255020679,4
43.082237536821665,77.32914161667021,4
43.05357153292074,76.70835143559295,4
43.34150615529513,76.4256948275283,4
43.46832631976864,77.04574827855434,4
43.400761592926,77.02922925298742,4
43.20989776685786,76.62391282246115,4
43.213686420579506,76.64589092206185,4
43.32640795581375,77.09139495763704,4
43.50472555361568,76.98264191013823,4
43.405323564187135,76.81541381569247,4
43.15281011515852,77.0081179727042,4
43.16933488291096,76.95699644720692,4
43.04788540591962,76.66929307938094,4
43.35327367418329,77.11137251885152,4
43.061481889586,77.05735357762661,4
43.14300757885365,76.89382629405009,4
43.49394999484232,77.09157180850575,4
43.382156957843996,77.36689758961424,4
43.11220171861104,76.64323125625187,4
43.10891799135886,76.82607473664835,4
42.81508088942746,76.83784294082581,4
43.14087726825892,77.08563994184945,4
43.30233548822181,76.73952584305768,4
43.345092952165324,77.07051576495594,4
43.100561757837546,76.7664439361544,4
42.838334626322364,76.61703500640769,4
43.105255479123755,76.90824154415151,4
43.06873111771523,76.76133700323773,4
43.018340477315135,76.93247847463282,4
43.31552862702529,76.99029133710496,4
43.24112500374295,76.50443175087466,4
43.12730834049929,76.78787333192038,4
43.16630684367429,76.90844530449746,4
43.495497447026786,77.09272405317115,4
43.06114679962724,77.05930071882416,4
43.35415442617983,76.68818313176212,4
43.39169586607438,76.84960584101368,4
42.9851083717974,77.0035006811593,4
43.277953128250616,76.83278059270354,4
43.23215844470301,76.70992863027789,4
43.34872349068348,76.87883734137277,4
43.26886079191068,76.97898548110722,4
43.03107458940326,76.66612924452949,4
42.841109997269086,77.03088556462261,4
43.02070219572558,76.92284242747392,4
43.30567788048912,77.04028820972313,4
43.02217695550951,76.87340959546484,4
43.5395504757418,77.31827866999609,4
43.416618156924855,76.97407328470472,4
43.05798085000783,77.06935540634777,4
43.21045617882557,77.02983206881822,4
43.12498817812662,76.84646672179002,4
43.268446524813754,76.95126952287347,4
43.32777008860285,76.74490125386878,4
42.99710879862016,77.29589625997495,4
43.68696575042421,77.0015551778006,4
43.00058142294858,76.69640122078928,4
43.33054116242918,77.22497890292033,4
43.020579685782465,76.85861679478778,4
43.27416777159991,77.10584461282147,4
43.177051803007934,76.49874632716953,4
43.35071556070152,77.17089899129282,4
43.22403353688587,76.99101002282661,4
43.153491578703125,76.67825680131853,4
43.4236566224985,76.98657396195362,4
43.32716634789234,77.26522878699866,4
43.04902837982266,76.75169343296015,4
43.267328002790244,76.74862169055969,4
43.37986457634904,76.84285019477402,4
43.06024409465051,76.90614291879692,4
43.269560978745226,77.12337051572409,4
43.309665362566534,77.00498659783996,4
43.296552503121305,76.84264436967702,4
43.109980559279975,76.96190958791485,4
43.17893754214094,77.31215565511026,4
43.48049281305918,77.0479097830879,4
43.30702404907274,76.86771023725471,4
43.01189772835752,76.83565694416951,4
43.257152006012944,76.94706411861117,4
43.32341654606285,77.12003254946943,4
43.114312267095286,76.71893109819776,4
43.500054202353766,77.08244539729829,4
43.168561230416,76.86289720776195,4
43.22041148959852,76.89759353057035,4
43.323982956602954,77.52344818652496,4
43.27305618100928,77.05534953760632,4
42.935334192885776,76.7684750018053,4
43.46008670048899,76.99027884783916,4
42.44885937472433,77.05820580057906,4
43.58416959103318,76.39072310347005,4
43.51238978161619,76.19671109234352,4
43.40773981010962,76.88753784349694,4
42.81590518125597,77.00123445680995,4
43.446051154847375,76.9806717509554,4
43.34416897467073,76.78678097191523,4
42.90384984406022,77.06266600558428,4
43.55385570550033,77.17209521355687,4
42.88108235067176,76.51097639819727,4
43.086625806476476,76.49145613717997,4
43.246854185520085,76.98805395129513,4
42.98145440901637,77.08398211481888,4
43.34709870992361,76.75266021878907,4
43.20784604252288,76.40224970608675,4
43.17909281186833,76.89154624353259,4
43.269274567141075,76.98441922800505,4
43.28286351378151,76.8236140756836,4
43.29041508965978,77.14020799832757,4
43.221710346804265,76.96909872270793,4
43.20538920872046,76.7280102708801,4
43.33301834004517,76.75089351395745,4
43.308406442178594,76.89676384287752,4
43.184191758226376,76.80766429196333,4
43.14743822136518,76.47824970697775,4
43.30782111712911,76.94758670631958,4
43.39184064544073,76.75683577442331,4
43.5800690525858,76.7947660130376,4
43.081380264404956,76.64127877003934,4
42.92679396741866,77.27285697309829,4
43.48569213033836,77.0398862907212,4
43.07760401460036,77.34251692038978,4
43.1755905509261,76.82244354219334,4
43.497606634478494,77.05442764612022,4
43.63509856497583,76.95188056507976,4
43.16743445607583,76.73674877913506,4
42.90644068810569,76.82005105679845,4
43.44492680098893,77.03940854316403,4
43.242555441180876,76.64096638904593,4
43.27973714324229,77.14290342629884,4
43.3164294661646,76.93138379240834,4
43.09544762240938,77.10649545352801,4
42.67515713262605,76.98541142721629,4
43.70155795657003,76.51260665316704,4
43.19545349815375,76.88772225246882,4
43.15563509346982,77.14879356063975,4
43.32394118258396,76.92777509313683,4
43.38240906101047,76.89388767726794,4
43.811275607988236,76.92753673341419,4
43.27405077772815,76.46208298760669,4
43.14107894108538,77.17654442044996,4
42.99851776693522,76.35031070642452,4
43.24471678481376,77.23238612686875,4
43.246528621165304,76.80566884934342,4
42.904372171206624,77.00276353067555,4
43.35792951959895,76.44426687522473,4
43.4431158407655,77.08112388147303,4
43.442716869658526,77.03558127295834,4
43.35656288758604,77.01988022467543,4
43.39522501787022,76.43501055771902,4
42.96870930194813,76.70569802495257,4
43.215532369098945,76.98673423082705,4
43.29734269758119,77.16897645286402,4
43.44562915374446,76.67160372292656,4
43.28184369980909,76.67774211306954,4
43.20501553309636,76.97014784226212,4
42.6253318262351,77.49251100990993,4
43.340853561931546,76.74077418114665,4
41.059726555941445,-74.09285779262154,5
40.736653489449054,-74.12777895259941,5
41.0101585307398,-74.03224617657646,5
40.73970713813311,-73.70505446174364,5
40.818125102343,-74.01958701628352,5
40.91267037502435,-73.37137919264302,5
40.769933880783896,-73.97680997803185,5
40.74351287505144,-73.67839262479212,5
40.60494440769408,-74.07557938992791,5
40.4360602691572,-74.30196696566,5
40.61959599951437,-74.0199842485151,5
41.031234998638624,-73.8720017987687,5
40.548625868165836,-74.18799512134103,5
40.96025476298152,-73.7243474128427,5
40.71786698384036,-74.11663161638471,5
40.915287910426834,-74.25433178168117,5
40.783365471650356,-73.43783525227667,5
40.749764022805266,-74.1999023698154,5
40.78666636648088,-74.12350217975384,5
40.46185914812439,-73.83074099328198,5
40.91401019209895,-74.08372666801814,5
40.64489757866267,-74.24639134778046,5
40.68581159191584,-74.1465920957308,5
40.530814116393415,-73.5329577924001,5
40.79676870701491,-73.86290122299266,5
40.87181192240784,-73.81324094581005,5
40.63844020849659,-73.93786184425713,5
40.664374512833085,-73.89638409380584,5
40.774304359472474,-74.10166506521605,5
40.473526229874075,-73.96944073575862,5
40.67603149219469,-74.47859306192719,5
40.80417911839997,-73.76466447193931,5
41.167904165537614,-74.10379937583016,5
40.61583185862117,-74.28335525760981,5
40.750355543167665,-73.95542045486042,5
40.566766659738384,-74.04973247050096,5
40.35664017995992,-73.77440581304168,5
40.57407773325901,-74.01466408785325,5
40.455995184166404,-74.15158839986539,5
40.662473592366844,-74.00882271174021,5
40.799151852794054,-73.64623122912845,5
40.844687969698484,-73.76545886421344,5
40.97309873978977,-73.86357302961933,5
40.706192704788585,-73.75372202343624,5
40.9059416714731,-73.84385854050849,5
40.450967032533505,-74.21636503827366,5
40.66332626127451,-73.81109474481603,5
40.7089576445673,-73.72178284163736,5
40.94954259317397,-73.7062073828307,5
40.929797301606456,-74.26524847616469,5
40.799674389902044,-74.15788226023885,5
40.41596806035535,-74.07786778301396,5
40.95125265381291,-73.89081449747039,5
41.07600568688906,-73.96169246368298,5
41.153404495646726,-73.96161969362073,5
40.716846453307674,-74.32584752198038,5
40.9127012932527,-74.13153128223512,5
40.59633142490643,-73.68569235905936,5
40.921280080383276,-73.72298715819733,5
40.647605595870104,-74.01874396632631,5
40.70202620841475,-73.8103704548319,5
40.99244164032896,-73.9139633612004,5
41.068280395364326,-73.78170139549174,5
40.670536109059405,-73.79882214846775,5
41.01986925016758,-73.50642775416466,5
40.92644044202783,-73.9995813865855,5
40.67379521426994,-73.86198262410966,5
41.014115409148786,-73.89755771944638,5
40.794615736936386,-73.99315053642073,5
40.65377960872638,-74.04653362666097,5
40.737176677344195,-73.57647500094005,5
40.66965151986446,-73.99284698102215,5
40.55703202112683,-73.82684223338171,5
40.95880225216929,-73.59987553851082,5
40.74940561444523,-73.86241142918018,5
40.6851609420094,-73.87399533007637,5
40.76931372744986,-73.99143390318713,5
40.737595664609884,-73.8930194291516,5
40.6598525617278,-74.06662419801951,5
41.02012516246088,-73.32836330778841,5
40.496013949263876,-74.32086780109401,5
40.54051249099454,-74.03182210375964,5
40.874040491986705,-73.85818676448793,5
40.743765604620485,-73.87376611326053,5
40.5882244918069,-74.06703069293816,5
40.70918298129236,-74.40205408471796,5
40.50376416314993,-74.28639151531941,5
40.85033948026308,-73.9446612628569,5
40.82279101601331,-74.46591374745061,5
40.445757996510714,-73.84019613993587,5
40.212639464500114,-73.69984266060005,5
40.384602914165896,-73.79516377701876,5
40.55285476754375,-73.7437740712071,5
41.29026896450497,-74.57429440753029,5
40.83796788661492,-74.45804067839843,5
40.78961840599915,-74.05769304088797,5
40.73616081804313,-74.23392156908206,5
40.85329739970937,-74.3680894594926,5
40.93629470732177,-74.10831257665255,5
40.460315678067445,-73.60726579416483,5
40.700678322494355,-73.5290910073895,5
40.9326441032764,-74.2055364261966,5
40.69750183583139,-73.97574051508411,5
40.98753457599756,-73.89662057165822,5
40.744532671797366,-74.05596989677457,5
40.703699733546166,-73.67985197858042,5
40.713466963143546,-74.10474931782454,5
40.61118871018954,-74.14444128845903,5
40.4604227207123,-74.19359382708161,5
40.982515649617056,-74.05764981514187,5
40.8395941003401,-74.6256891294752,5
40.81509603561386,-74.04633817609228,5
40.62614079587971,-73.96076001064472,5
40.623551454313834,-74.53696872997209,5
40.87880462941095,-73.94524560966295,5
40.65629035814539,-74.24754634301812,5
40.44822564710072,-73.95002682323299,5
41.00321937284057,-73.95520838081474,5
40.46390291090329,-73.9497208182404,5
40.70319826679559,-73.78998909348144,5
51.616611971934105,-0.8742556335274809,6
51.60554359679712,-0.3786698523760209,6
51.25148882653923,-0.17491835259339092,6
51.5813747996254,-0.5379836525717061,6
51.63422375507036,0.06303471188289997,6
51.515855715333906,-0.3447059075567621,6
51.33111195924592,0.12868303289505686,6
51.23537991643074,0.1383176152047946,6
51.47766415135652,-0.1517586249107143,6
51.199944213025596,-0.16447915753214665,6
51.617845392882046,-0.4619025219629953,6
51.59715445610533,-0.10554693658024433,6
51.39152398951018,0.08586827162282609,6
51.11099378158386,-0.04112981281407274,6
51.79889832845319,0.2321857847751654,6
51.57756520969693,-0.20322019403271147,6
51.39295553982142,-0.20353144847641053,6
51.60528530462522,-0.3296109513648541,6
51.64373628724906,0.40549012950083096,6
51.496261017677064,-0.4638987008208263,6
51.26534594566304,0.06634138792789387,6
51.496645687787115,0.09140772401601324,6
51.411345835151316,0.0798558868849579,6
51.478906148779046,-0.3109260138309873,6
51.43522027381557,-0.4270635888558091,6
51.865484720544686,-0.15189545338962177,6
51.62341253596279,-0.2620172832176998,6
51.318052992043626,-0.1862701277294838,6
51.70561465600825,-0.2579829478495709,6
51.350704244908705,-0.08893393890771412,6
51.597224068129194,0.2829120422132958,6
51.571075086107044,0.03319816963280875,6
51.636869542645655,-0.4160538454831576,6
51.33400022731548,-0.3987740724014126,6
51.267613763975504,0.0710649687176009,6
51.55960901649947,-0.10792598422713762,6
51.04071102722759,0.3860692146546546,6
51.34643103925236,0.3851531889847394,6
51.24653653348276,-0.3309002896391342,6
51.110887111148266,-0.037268756014325624,6
51.30917377225398,-0.39605003852458853,6
51.2603474409086,0.06653876568446576,6
51.63546345728216,0.32520847276969633,6
51.38397280820686,-0.0730951572382999,6
51.275319664467645,-0.2115597556838295,6
51.41400784360938,-0.011687510626144787,6
51.69046392515527,0.11996667270787498,6
51.355693791000824,0.12181697615574988,6
51.499464675320596,-0.20894922397425375,6
51.37986793237259,-0.267783948590388,6
51.821016492315316,-0.05094730837649411,6
51.53883013255022,-0.19336171463423668,6
51.94767615005884,0.19845262221160617,6
51.37760881933622,-0.19620376367615605,6
51.468835982193234,-0.09133200542935013,6
51.381179321326336,-0.01809586915957584,6
51.768775863767075,-0.4562070272510408,6
51.30433358732343,-0.24858963882432672,6
51.42877679918059,0.37181646868648266,6
51.687707659602665,0.10828058802956603,6
51.45981417516759,-0.19937835169670354,6
51.24609302552223,0.06763505701195432,6
51.59578982886558,0.1936993411695709,6
51.469450651595885,-0.16324478655009922,6
51.53800819514091,0.09517439387677387,6
51.24276118802245,0.05621403343459366,6
51.50371079880889,-0.39245931698842407,6
51.13217096452227,-0.16191842796958833,6
51.767988336989326,0.29087116668534874,6
51.571367717920616,0.36270141596056193,6
51.499670605067784,0.11052588791069529,6
51.42617843999684,-0.25644970982103715,6
51.38544835896148,-0.6429322367810781,6
51.73907660679044,-0.28820810978450406,6
51.36314101964406,-0.42279292040316885,6
51.470615301423464,0.31307307763993564,6
51.884280193148086,-0.5430167189505208,6
51.443599360724264,-0.38638944252342466,6
51.68530079341807,-0.05615161317651832,6
51.39281752107163,-0.10965672985224525,6
51.42146464814661,0.2757615235937242,6
51.605852712702884,0.0396558552291095,6
51.02735485395407,-0.1444971697072027,6
51.88237797263062,0.2037322675091711,6
51.17492387453434,-0.2061564581708985,6
51.29112649613463,0.2999753900907176,6
51.55137009080966,-0.319748889932859,6
51.513548429837336,-0.779641382267121,6
51.312106965377815,-0.11868906854342261,6
51.6596215663216,-0.6131285301493352,6
51.43879204461356,0.12462143462970546,6
51.24613840161281,-0.07050429130395672,6
51.519275410559075,0.30079508008915057,6
51.4659754852399,-0.17070014959376756,6
51.66129275556964,-0.4593871670123362,6
51.46764102282084,-0.24173125271012763,6
51.48239587371308,0.0843016122407095,6
51.607149067314786,-0.314970577132169,6
51.53200585659889,0.24481040352513103,6
51.35775417421648,-0.09150830490074685,6
51.472631078151046,-0.14355125395919424,6
51.21388162799511,0.2248907135780511,6
51.36801665784012,0.1287179925383832,6
51.39555221055144,-0.28417616297394005,6
51.72576218508378,0.12067115086948108,6
51.54495986181352,0.06248763745157995,6
51.455460499553844,-0.12989190692972247,6
51.38830760935651,0.09821623732506493,6
51.38258560038987,0.24348908623446322,6
51.450549849702426,-0.12267285899591641,6
51.64397104371778,-0.1218338947026045,6
51.45377650342864,-0.13530586195211786,6
51.66828730364036,-0.2935130555341764,6
51.48467733869081,-0.12522831816563115,6
51.66302533519497,-0.15276134346785913,6
51.83289383700887,-0.16693464442877376,6
51.464616945087045,-0.17055803040443293,6
51.270404542841554,-0.3869817116896712,6
51.411879959846964,0.15615746221253243,6
51.50143730931484,-0.24896104740392663,6
49.077376254209184,2.739994283223065,7
49.0825688429634,2.1389275006912105,7
48.767455248365145,2.8056340175786794,7
48.900005144560005,2.28529323377598,7
48.98590263303955,2.6040247668395278,7
48.753739077232915,2.4070599896549827,7
49.023380812459074,2.0621282135100367,7
48.8588221823367,2.073602586737321,7
48.67955551055317,2.211424980629924,7
48.942481516818304,2.2716943428404663,7
48.73988473750569,2.3650886408312397,7
48.65014670891204,2.459400804458477,7
49.06024961715249,2.332398989752997,7
48.820123181205965,2.445560088303892,7
48.49147550461032,2.486404364149467,7
49.414939444674076,2.32153094472132,7
48.835157493931064,2.5381017500249206,7
49.15275988027563,2.5959419611085335,7
48.46859076185496,2.4930497094156867,7
49.3195474261435,2.5078102616898663,7
48.648771655611085,2.4226574061046535,7
48.62607629475861,2.6604009223172147,7
48.684541134154976,2.3707609086730055,7
48.70219959964147,2.215587985613002,7
49.12410711625489,2.378064291223424,7
48.75594355472937,2.0658930072783193,7
48.519693732448104,2.0393798416193283,7
48.87675266345999,2.597258442180666,7
48.755736731364,2.7448359001797535,7
48.72744992399892,2.29269706928003,7
48.6622761903393,2.599890433641964,7
49.23415191052802,1.9117457597659504,7
48.79429082764575,2.6683949617625085,7
48.596149806143394,2.4938709767427714,7
49.076464996037366,2.371757203589209,7
48.955647352769226,2.792425596531902,7
49.20731677973821,2.336708196741379,7
48.76077198712614,2.1222049722315757,7
49.03245354707717,2.0092561105522577,7
48.811136673161585,2.3778724427386164,7
48.766059547710626,2.422155066254781,7
49.3182123972927,2.3218003524133644,7
48.77822698706307,2.606032956095463,7
48.89972505594619,2.7120339428028437,7
48.88624377156755,2.2900941980072416,7
48.53552952014298,1.9472663265470649,7
48.52617423572312,2.4470347915710597,7
48.611395093623855,2.6660943414798455,7
48.862044381674075,2.2911532702245827,7
48.70470608646322,2.507764687067551,7
48.711790392482364,2.1058554989825296,7
49.07050298570896,2.4408552901937557,7
48.81431270291531,2.512558246183429,7
48.85820773715992,2.4479532876129206,7
48.70956737757242,2.8697996522276554,7
48.75226840581828,2.7412040817374943,7
48.822603607125195,2.5539742789137403,7
48.988760229824706,2.638912938787511,7
48.70528773271045,2.6211088503197155,7
49.18895917316406,2.2875267551895355,7
48.86284709208558,2.2213383393799613,7
48.79424147460668,2.7800556997331225,7
48.675837785296565,2.116670294537307,7
49.14656216855459,2.5083371064720903,7
49.238266644827654,2.2395903405435367,7
48.879330604702766,2.1870307640570488,7
48.88239421035659,1.908675825678924,7
48.9798918201979,2.4330685208730842,7
48.84624016075613,2.2546089188500837,7
48.695544282273744,2.53412822800819,7
48.64580380257339,2.4801739780123104,7
49.2300012510657,2.7235803721610745,7
48.585676970319284,2.218015484914174,7
48.93246113329996,2.334629519496412,7
48.60470697070917,2.4485289878683725,7
48.854796958879064,2.8307813521509453,7
48.81101883352886,2.6442008463316475,7
48.6285240874366,2.0951976755258728,7
48.98649915276571,2.6231326951518437,7
48.68426930930661,2.3582193516209777,7
48.60791574876477,2.30689504342363,7
49.00724610141234,2.243460375215964,7
48.811773752930115,2.069751150425987,7
48.739895485547514,2.7917277290535845,7
48.86972648050909,2.10162305833735,7
48.79994104901476,1.9528430947083593,7
48.67405125541476,2.6922849347616133,7
48.83095316361041,2.8248825440253014,7
48.83943738907071,2.343205325952126,7
48.971960948537586,1.6840531044451494,7
48.893489078257645,2.339953377984762,7
49.12408700083272,2.5933698485409042,7
48.65253549660157,2.662734654656895,7
48.80938338539542,2.1260866934259885,7
48.89207858515682,2.3015076610840453,7
49.133523756525136,2.437355507122802,7
48.89361860575948,2.5773617707138596,7
49.053316891256685,2.5481012735743245,7
49.11210342510669,2.504370603228447,7
48.886777263650806,2.661993015522007,7
48.840238694785214,2.360511629086165,7
49.16648384511345,2.757681031988808,7
48.8551283547538,2.2388121056735955,7
49.11997123003753,2.5523045894788035,7
48.913404625755526,2.2717318224525136,7
48.91630538416863,2.346772885028074,7
48.73701912767686,2.384460582146809,7
48.90437632821513,2.2583512332699422,7
49.01928862394971,2.674408098077747,7
49.031181584857976,2.283137903696501,7
48.992647870753906,2.37169034936501,7
48.63416572385813,2.520382344624436,7
48.88290369537225,3.000587000517327,7
49.118908755390144,2.529987539233631,7
48.901450690231876,2.393130563764504,7
48.67593590734604,1.9174531932000223,7
48.69953936036532,2.340270745457392,7
48.477602929922384,2.2161195519318126,7
48.8120296540376,2.2983433616286355,7
48.737489752326134,2.2668215464046497,7
